"sample_id","0","1"
"DQYUN3",0.666666666666667,0.333333333333333
"QIP98Q",0.666666666666667,0.333333333333333
"OAEDOE",0.666666666666667,0.333333333333333
"ZFV8YU",0.666666666666667,0.333333333333333
"L9EKA0",0.666666666666667,0.333333333333333
"9VW3RT",0.666666666666667,0.333333333333333
"MQC1A7",0.666666666666667,0.333333333333333
"5SOWOM",0.666666666666667,0.333333333333333
"76RKQ4",0.666666666666667,0.333333333333333
"EPZHPC",0.666666666666667,0.333333333333333
