"","sample_id","predictedprobs"
"1","DQYUN3",1
"2","QIP98Q",1
"3","OAEDOE",0.541678605267339
"4","ZFV8YU",1
"5","L9EKA0",1
"6","9VW3RT",1
"7","MQC1A7",0.999999999999174
"8","5SOWOM",0.999999998942415
"9","76RKQ4",2.22044604925031e-16
"10","EPZHPC",1
